item,rank,gender,isIdentity,hasref,refitem,exurl,wmurl,wmproj
Q110288009,NormalRank,Q6581097,true,false,,,,
Q114107123,NormalRank,Q6581097,true,false,,,,
Q114293058,,,,false,,,,
Q114293059,,,,false,,,,
Q114293061,,,,false,,,,
Q114293062,,,,false,,,,
Q114293063,,,,false,,,,
Q114293064,,,,false,,,,
Q114293065,,,,false,,,,
Q114293066,,,,false,,,,
Q114293067,,,,false,,,,
Q114293069,,,,false,,,,
Q114293072,,,,false,,,,
Q114293073,,,,false,,,,
Q114293074,,,,false,,,,
Q114293075,,,,false,,,,
Q114293076,,,,false,,,,
Q114293078,,,,false,,,,
Q114293080,,,,false,,,,
Q114293081,,,,false,,,,
Q114293082,,,,false,,,,
Q114293083,,,,false,,,,
Q114293084,,,,false,,,,
Q114293085,,,,false,,,,
Q114293087,,,,false,,,,
Q114293088,NormalRank,Q6581097,true,false,,,,
Q114293090,NormalRank,Q6581097,true,false,,,,
Q114293091,NormalRank,Q6581097,true,false,,,,
Q114293092,NormalRank,Q6581097,true,false,,,,
Q114293093,NormalRank,Q6581097,true,false,,,,
Q114293094,,,,false,,,,
Q11849927,NormalRank,Q6581097,true,false,,,,
Q12194248,NormalRank,Q6581072,true,false,,,,
Q12241106,NormalRank,Q6581097,true,false,,,,
Q1371357,NormalRank,Q6581097,true,false,,,,
Q16733931,NormalRank,Q6581097,true,false,,,,
Q184941,NormalRank,Q6581097,true,false,,,,
Q20109508,NormalRank,Q6581097,true,false,,,,
Q2820945,NormalRank,Q6581097,true,false,,,,
Q28739928,NormalRank,Q6581072,true,false,,,,
Q2877629,NormalRank,Q6581097,true,false,,,,
Q294969,NormalRank,Q6581097,true,true,false,false,false,true
Q310203,NormalRank,Q6581097,true,true,false,false,false,true
Q3126304,NormalRank,Q6581097,true,false,,,,
Q313662,NormalRank,Q6581097,true,true,false,false,false,true
Q3155412,NormalRank,Q6581097,true,false,,,,
Q325511,NormalRank,Q6581097,true,false,,,,
Q3318670,NormalRank,Q6581097,true,false,,,,
Q3318869,NormalRank,Q6581097,true,false,,,,
Q3571335,NormalRank,Q6581097,true,false,,,,
Q4118153,NormalRank,Q6581097,true,true,true,false,false,false
Q440509,NormalRank,Q6581097,true,false,,,,
Q451521,NormalRank,Q6581097,true,true,false,false,false,true
Q451521,NormalRank,Q6581097,true,true,true,false,false,false
Q4695972,NormalRank,Q6581097,true,true,false,false,false,true
Q5208703,NormalRank,Q6581097,true,false,,,,
Q56064138,,,,false,,,,
Q56064168,,,,false,,,,
Q5715910,NormalRank,Q6581097,true,false,,,,
Q58014343,NormalRank,Q6581097,true,false,,,,
Q608538,NormalRank,Q6581097,true,false,,,,
Q6891015,NormalRank,Q6581097,true,false,,,,
Q6891431,NormalRank,Q6581097,true,false,,,,
Q712775,NormalRank,Q6581097,true,true,false,false,false,true
Q773245,NormalRank,Q6581097,true,false,,,,
Q98137599,NormalRank,Q6581097,true,false,,,,
